{
  "ZH": 1245472471675.95,
  "ZI": 799105950273.831,
  "1A": 3512421040998.19,
  "S3": 53296161046.3074,
  "B8": 2267760561102.28,
  "V2": 14945896099125.4,
  "Z4": 30780176881541.3,
  "4E": 21162836277192.4,
  "T4": 21136712800814.7,
  "XC": 15780686672317.3,
  "Z7": 27554069781140.1,
  "7E": 2129704371516.14,
  "T7": 5497903850286.88,
  "EU": 18590720056635.3,
  "F1": 1937937125126.32,
  "XE": 1129946910802.31,
  "XD": 68276492853979.9,
  "XF": 38789302232983.5,
  "ZT": 41669008262158.8,
  "XH": 1068437562493.42,
  "XI": 1814046621127.36,
  "XG": 2880514996348.02,
  "V3": 28348483457826.9,
  "ZJ": 7100142198622.08,
  "XJ": 6057469575864.84,
  "T2": 6779682191342.68,
  "XL": 1516309568380.52,
  "XO": 37533765909928,
  "XM": 663529162731.73,
  "XN": 7439509140290.38,
  "ZQ": 4320566779119.19,
  "XQ": 1671174615296.29,
  "T3": 1653767249808.37,
  "XP": 36878123654872.8,
  "XU": 29871321614401.4,
  "OE": 64746562052056.7,
  "S4": 241086470734.391,
  "S2": 11150695760.1484,
  "V4": 60485245420468.7,
  "V1": 1566942319113.72,
  "S1": 305546743662.392,
  "8S": 4494987381110.1,
  "T5": 4494987381110.1,
  "ZG": 2044578421949.78,
  "ZF": 2042436971778.64,
  "T6": 2044578421949.78,
  "XT": 29440021018933.5,
  "1W": 106171667873321,
  "AF": 17233051620.1117,
  "AL": 23547179830.4413,
  "DZ": 247626161016.414,
  "AD": 3785067331.7625,
  "AO": 84824654481.7249,
  "AG": 2033085185.18518,
  "AR": 646075277525.125,
  "AM": 24085749592.3359,
  "AW": 3648573136.15155,
  "AU": 1728057316695.61,
  "AT": 511685203845.001,
  "AZ": 72356176470.5882,
  "BS": 14338500000,
  "BH": 46079867021.2766,
  "BD": 437415331040.994,
  "BB": 6720733200,
  "BY": 71857382745.6066,
  "BE": 644782756682.756,
  "BZ": 3066850000,
  "BJ": 19676049075.7011,
  "BM": 8141700000,
  "BO": 45135398008.8166,
  "BA": 27514782476.0406,
  "BW": 19396084498.0084,
  "BR": 2173665655937.27,
  "BN": 15128292980.8638,
  "BG": 102407653020.606,
  "BF": 20324617844.5265,
  "BI": 2642161668.85211,
  "CV": 2533819406.4916,
  "KH": 42335646895.7984,
  "CM": 49279410982.826,
  "CA": 2142470914401.36,
  "KY": 7139428557.71423,
  "CF": 2555492085.24831,
  "TD": 13149325362.3347,
  "JG": 12507927144.1342,
  "CL": 335533331669.219,
  "CN": 17794783039552,
  "CO": 363493841244.303,
  "KM": 1352380971.24055,
  "CD": 66383287002.9867,
  "CG": 15321055822.5167,
  "CR": 86497941439.0174,
  "CI": 78875489245.0538,
  "HR": 84393795502.4421,
  "CW": 3281419347.37053,
  "CY": 33886930712.3394,
  "CZ": 343207874553.734,
  "DK": 407091920305.404,
  "DJ": 4098530513.55777,
  "DM": 653992592.592593,
  "DO": 121444279313.931,
  "EC": 118844826000,
  "EG": 396002496996.96,
  "SV": 34015620000,
  "GQ": 12337550583.754,
  "EE": 41291245222.1948,
  "SZ": 4442875788.08505,
  "ET": 163697927593.982,
  "FO": 3907323961.33964,
  "FJ": 5442046565.04719,
  "FI": 295532341254.907,
  "FR": 3051831611384.76,
  "GA": 19388402541.6698,
  "GM": 2396111021.64149,
  "GE": 30777833585.4441,
  "DE": 4525703903627.53,
  "GH": 76370396722.154,
  "GR": 243498333237.802,
  "GD": 1316733333.33333,
  "GT": 104450210572.012,
  "GN": 22199409741.2578,
  "GW": 2048348108.35852,
  "GY": 17159509565.4676,
  "HT": 19850829757.5418,
  "HN": 34400509852.0436,
  "HK": 380812234827.832,
  "HU": 212388906458.724,
  "IS": 31325116556.3807,
  "IN": 3567551674623.01,
  "ID": 1371171152331.16,
  "IR": 404625655204.619,
  "IQ": 250842782139.464,
  "IE": 551394889339.778,
  "IL": 513611100815.691,
  "IT": 2300941152991.81,
  "JM": 19423355409.2316,
  "JP": 4204494802431.55,
  "JO": 50967475352.1127,
  "KZ": 262641892078.524,
  "KE": 108038588970.595,
  "KI": 279208903.337644,
  "KR": 1712792854202.37,
  "XK": 10468219225.4869,
  "KW": 163704878875.85,
  "KG": 13987627908.8381,
  "LA": 15843155731.2552,
  "LV": 42247850064.5125,
  "LS": 2117962450.79469,
  "LR": 4240000000,
  "LY": 45096462972.4014,
  "LT": 79789877416.1681,
  "LU": 85755006123.5976,
  "MO": 45803067940.4072,
  "MG": 15790113246.7478,
  "MW": 12712150082.0792,
  "MY": 399705169318.477,
  "MV": 6590894301.9579,
  "ML": 20661794596.0873,
  "MT": 22328640241.5553,
  "MH": 259300000,
  "MR": 10651709411.4594,
  "MU": 14644524819.0054,
  "MX": 1789114434843.46,
  "FM": 460000000,
  "MD": 16539436547.295,
  "MC": 9995350547.12166,
  "MN": 20325121393.9074,
  "ME": 7530593375.22034,
  "MA": 144417103249.646,
  "MZ": 20954220983.5473,
  "MM": 66757619000,
  "NA": 12351025066.9131,
  "NR": 154170289.321861,
  "NP": 40908073366.8455,
  "NL": 1154361305398.06,
  "NZ": 252175506110.168,
  "NI": 17829218219.3591,
  "NE": 16819170420.5653,
  "NG": 363846332834.618,
  "MK": 15763621848.115,
  "NO": 485310823603.662,
  "OM": 108810923276.983,
  "PK": 337912301397.727,
  "PW": 281849062.5,
  "PA": 83318176900,
  "PG": 30729242919.4411,
  "PY": 42956263543.9482,
  "PE": 267603248655.253,
  "PH": 437146372729.942,
  "PL": 809200697797.088,
  "PT": 289114289663.542,
  "PR": 117902300000,
  "QA": 213002809330.267,
  "RO": 350775856415.189,
  "RU": 2021421476035.42,
  "RW": 14097768472.1883,
  "WS": 938189443.830393,
  "ST": 678976264.835436,
  "SA": 1067582933333.33,
  "SN": 30848333083.7055,
  "RS": 81342660752.3732,
  "SC": 2141450171.13932,
  "SL": 6411869546.28929,
  "SG": 501427500080.059,
  "SX": 1627776949.27374,
  "SK": 132908336234.295,
  "SI": 69148468417.3208,
  "SB": 1633319401.19414,
  "SO": 10968517090.0004,
  "ZA": 380699271814.508,
  "ES": 1620090734956.89,
  "LK": 84356863743.6335,
  "KN": 1055499777.77778,
  "LC": 2430148148.14815,
  "VC": 1065962962.96296,
  "SD": 109265503110.904,
  "SR": 3455146280.83975,
  "SE": 584960475767.32,
  "CH": 884940402230.409,
  "TJ": 12060602008.8478,
  "TZ": 79062403820.892,
  "TH": 514968699239.005,
  "TL": 2079916900,
  "TG": 9171261837.57103,
  "TT": 27372285697.9477,
  "TN": 48529595416.6533,
  "TR": 1118252964260.77,
  "TM": 60628857142.8571,
  "TC": 1402054390.94734,
  "TV": 62280311.5852172,
  "UG": 48768955863.3175,
  "UA": 178757021965.008,
  "AE": 514130432653.081,
  "GB": 3380854520809.54,
  "US": 27720709000000,
  "UY": 77240830877.4597,
  "UZ": 101591769702.343,
  "VU": 1126313359.21923,
  "VN": 429716969043.572,
  "PS": 17420800000,
  "ZM": 27577956471.244,
  "ZW": 35231367885.8554
}